{"22": {"Ruby of Focused Animus": {"1": {"count": 9, "avg_dps_sum": 281198.66090502805}, "5": {"count": 4, "avg_dps_sum": 108061.53225825964}, "2": {"count": 22, "avg_dps_sum": 674053.4408313904}, "3": {"count": 8, "avg_dps_sum": 233601.48538844084}, "6": {"count": 2, "avg_dps_sum": 55058.22166340308}, "4": {"count": 3, "avg_dps_sum": 91109.69975986003}, "7": {"count": 1, "avg_dps_sum": 27074.063390967138}, "0": {"count": 1, "avg_dps_sum": 38815.342249865156}}, "Topaz of Brilliant Sunlight": {"2": {"count": 15, "avg_dps_sum": 422930.852715552}, "1": {"count": 15, "avg_dps_sum": 449452.120339357}, "0": {"count": 5, "avg_dps_sum": 155178.31385654386}, "3": {"count": 8, "avg_dps_sum": 239817.04716650822}, "6": {"count": 2, "avg_dps_sum": 68277.3191212514}, "4": {"count": 4, "avg_dps_sum": 133996.53148338164}, "5": {"count": 1, "avg_dps_sum": 39320.261764620125}}}, "20": {"Ruby of Focused Animus": {"4": {"count": 11, "avg_dps_sum": 335970.86805985065}, "2": {"count": 26, "avg_dps_sum": 780998.7134762139}, "1": {"count": 13, "avg_dps_sum": 378324.5530751712}, "6": {"count": 1, "avg_dps_sum": 25654.360633044194}, "3": {"count": 10, "avg_dps_sum": 300995.34324173833}, "0": {"count": 4, "avg_dps_sum": 190060.76792861376}, "5": {"count": 5, "avg_dps_sum": 148911.0113244957}}, "Topaz of Brilliant Sunlight": {"2": {"count": 21, "avg_dps_sum": 612084.1404468681}, "0": {"count": 9, "avg_dps_sum": 257714.70510612393}, "3": {"count": 12, "avg_dps_sum": 424776.70440502284}, "1": {"count": 19, "avg_dps_sum": 630587.5031579819}, "4": {"count": 7, "avg_dps_sum": 177613.23716955353}, "5": {"count": 2, "avg_dps_sum": 58139.32745357731}}}, "17": {"Ruby of Focused Animus": {"2": {"count": 12, "avg_dps_sum": 347023.2514020112}, "1": {"count": 8, "avg_dps_sum": 281437.50032647495}, "0": {"count": 3, "avg_dps_sum": 120877.2561652608}, "3": {"count": 6, "avg_dps_sum": 159904.90060719848}, "4": {"count": 5, "avg_dps_sum": 146036.05599044068}, "5": {"count": 1, "avg_dps_sum": 22559.563374330184}}, "Topaz of Brilliant Sunlight": {"2": {"count": 12, "avg_dps_sum": 344100.5568248322}, "1": {"count": 8, "avg_dps_sum": 282054.6810794994}, "3": {"count": 9, "avg_dps_sum": 266396.9222609926}, "0": {"count": 4, "avg_dps_sum": 121629.14060362049}, "4": {"count": 2, "avg_dps_sum": 63657.22709677163}}}, "25": {"Ruby of Focused Animus": {"3": {"count": 8, "avg_dps_sum": 242379.7461178871}, "2": {"count": 7, "avg_dps_sum": 218120.0214627225}, "0": {"count": 3, "avg_dps_sum": 189673.82203438433}, "8": {"count": 1, "avg_dps_sum": 29327.13788185844}, "1": {"count": 4, "avg_dps_sum": 135659.3425230855}, "4": {"count": 5, "avg_dps_sum": 142858.7406116554}, "5": {"count": 2, "avg_dps_sum": 54313.92049926189}, "6": {"count": 1, "avg_dps_sum": 35084.78628811731}}, "Topaz of Brilliant Sunlight": {"4": {"count": 3, "avg_dps_sum": 94681.52054032766}, "3": {"count": 7, "avg_dps_sum": 219350.2797944436}, "2": {"count": 12, "avg_dps_sum": 439487.0395495489}, "1": {"count": 4, "avg_dps_sum": 117286.25903669302}, "5": {"count": 3, "avg_dps_sum": 102226.75656124679}, "6": {"count": 2, "avg_dps_sum": 74385.66193671255}}}, "15": {"Ruby of Focused Animus": {"2": {"count": 12, "avg_dps_sum": 387378.7093152603}, "1": {"count": 2, "avg_dps_sum": 50219.61016022294}, "0": {"count": 4, "avg_dps_sum": 155978.5690287539}, "4": {"count": 2, "avg_dps_sum": 60113.24953678329}, "3": {"count": 5, "avg_dps_sum": 161731.1998108933}, "5": {"count": 1, "avg_dps_sum": 29283.256938564806}}, "Topaz of Brilliant Sunlight": {"0": {"count": 5, "avg_dps_sum": 181914.62368992786}, "1": {"count": 13, "avg_dps_sum": 394389.44524384756}, "2": {"count": 3, "avg_dps_sum": 105568.41982565721}, "3": {"count": 4, "avg_dps_sum": 141403.41165156174}, "4": {"count": 1, "avg_dps_sum": 21428.69437948424}}}, "28": {"Ruby of Focused Animus": {"2": {"count": 10, "avg_dps_sum": 321332.95481308945}, "3": {"count": 6, "avg_dps_sum": 192743.10915584955}, "4": {"count": 3, "avg_dps_sum": 79530.35913664801}, "5": {"count": 2, "avg_dps_sum": 58389.147754179896}}, "Topaz of Brilliant Sunlight": {"3": {"count": 6, "avg_dps_sum": 178761.33718451805}, "2": {"count": 8, "avg_dps_sum": 240020.37354216818}, "0": {"count": 3, "avg_dps_sum": 105856.47399285389}, "4": {"count": 3, "avg_dps_sum": 99844.3763694142}, "5": {"count": 1, "avg_dps_sum": 27513.009770812623}}}, "18": {"Ruby of Focused Animus": {"2": {"count": 19, "avg_dps_sum": 605873.6716405818}, "5": {"count": 3, "avg_dps_sum": 77467.31902732125}, "3": {"count": 18, "avg_dps_sum": 497878.8786738932}, "1": {"count": 9, "avg_dps_sum": 298100.7736571024}, "0": {"count": 4, "avg_dps_sum": 206619.139607845}, "4": {"count": 1, "avg_dps_sum": 32524.3409589863}}, "Topaz of Brilliant Sunlight": {"1": {"count": 21, "avg_dps_sum": 763874.7020766166}, "3": {"count": 9, "avg_dps_sum": 234044.40144789987}, "2": {"count": 20, "avg_dps_sum": 600849.0559582454}, "0": {"count": 4, "avg_dps_sum": 119695.96408296829}}}, "24": {"Ruby of Focused Animus": {"1": {"count": 3, "avg_dps_sum": 115384.34403017625}, "3": {"count": 7, "avg_dps_sum": 204596.22234263705}, "2": {"count": 11, "avg_dps_sum": 298064.2557226891}, "6": {"count": 4, "avg_dps_sum": 125510.43149235242}, "7": {"count": 3, "avg_dps_sum": 79494.93139109694}, "4": {"count": 6, "avg_dps_sum": 164229.40324744966}, "0": {"count": 5, "avg_dps_sum": 201032.48868010557}, "5": {"count": 2, "avg_dps_sum": 53031.176230141464}}, "Topaz of Brilliant Sunlight": {"1": {"count": 7, "avg_dps_sum": 222862.0730755418}, "2": {"count": 9, "avg_dps_sum": 277204.61643138324}, "4": {"count": 9, "avg_dps_sum": 288863.36079931457}, "3": {"count": 8, "avg_dps_sum": 227304.43395332058}, "5": {"count": 1, "avg_dps_sum": 22345.05898140531}, "0": {"count": 4, "avg_dps_sum": 127525.93019129994}, "6": {"count": 2, "avg_dps_sum": 46967.13359912271}, "7": {"count": 1, "avg_dps_sum": 28270.646105260385}}}, "19": {"Ruby of Focused Animus": {"0": {"count": 9, "avg_dps_sum": 451899.7226676525}, "3": {"count": 17, "avg_dps_sum": 487972.36581442296}, "4": {"count": 14, "avg_dps_sum": 386463.3740964632}, "1": {"count": 12, "avg_dps_sum": 404952.3781963216}, "2": {"count": 11, "avg_dps_sum": 328606.28233905503}, "5": {"count": 4, "avg_dps_sum": 115344.58597541423}, "6": {"count": 1, "avg_dps_sum": 21515.11785569607}}, "Topaz of Brilliant Sunlight": {"1": {"count": 23, "avg_dps_sum": 861758.2167962207}, "4": {"count": 7, "avg_dps_sum": 219601.3487260042}, "2": {"count": 19, "avg_dps_sum": 516995.4347370453}, "0": {"count": 11, "avg_dps_sum": 369171.84066495544}, "3": {"count": 8, "avg_dps_sum": 229226.98602079996}}}, "27": {"Ruby of Focused Animus": {"5": {"count": 3, "avg_dps_sum": 84731.31220295625}, "2": {"count": 4, "avg_dps_sum": 114404.96797239214}, "4": {"count": 2, "avg_dps_sum": 54918.82456026673}, "3": {"count": 4, "avg_dps_sum": 107676.77537310877}, "0": {"count": 5, "avg_dps_sum": 173577.78416456323}, "1": {"count": 5, "avg_dps_sum": 196933.4954374473}}, "Topaz of Brilliant Sunlight": {"2": {"count": 6, "avg_dps_sum": 171800.45103808257}, "3": {"count": 4, "avg_dps_sum": 131093.26111771283}, "0": {"count": 2, "avg_dps_sum": 70045.51364759215}, "4": {"count": 6, "avg_dps_sum": 183245.22203545822}, "1": {"count": 1, "avg_dps_sum": 26738.280847400107}, "9": {"count": 1, "avg_dps_sum": 46076.19874246592}, "5": {"count": 3, "avg_dps_sum": 103244.23228202263}}}, "29": {"Ruby of Focused Animus": {"5": {"count": 4, "avg_dps_sum": 106495.29041116082}, "4": {"count": 3, "avg_dps_sum": 99848.10595003798}, "2": {"count": 7, "avg_dps_sum": 195198.44920136107}, "3": {"count": 2, "avg_dps_sum": 73043.17580944322}, "0": {"count": 2, "avg_dps_sum": 73338.85331733196}, "6": {"count": 1, "avg_dps_sum": 29279.501794206113}}, "Topaz of Brilliant Sunlight": {"1": {"count": 4, "avg_dps_sum": 113072.67031827438}, "2": {"count": 3, "avg_dps_sum": 79057.42178568114}, "4": {"count": 6, "avg_dps_sum": 195527.1361607606}, "3": {"count": 2, "avg_dps_sum": 72820.34380197788}, "5": {"count": 2, "avg_dps_sum": 55612.29313226232},