{"22": {"Ruby of Focused Animus": {"1": {"count": 3, "avg_dps_sum": 60533.938378074294}, "5": {"count": 1, "avg_dps_sum": 21112.495778135813}, "2": {"count": 2, "avg_dps_sum": 38705.751878709634}, "3": {"count": 3, "avg_dps_sum": 47120.466026969305}, "6": {"count": 1, "avg_dps_sum": 13616.852766193846}, "4": {"count": 1, "avg_dps_sum": 18154.98958248999}}, "Topaz of Brilliant Sunlight": {"2": {"count": 3, "avg_dps_sum": 60279.206591779825}, "1": {"count": 3, "avg_dps_sum": 54461.65192848805}, "0": {"count": 2, "avg_dps_sum": 31872.17691574699}, "3": {"count": 3, "avg_dps_sum": 52631.458974558016}}}, "20": {"Ruby of Focused Animus": {"4": {"count": 5, "avg_dps_sum": 87710.70112653518}, "2": {"count": 6, "avg_dps_sum": 107538.16551096336}, "1": {"count": 2, "avg_dps_sum": 27624.84582948003}, "6": {"count": 1, "avg_dps_sum": 15392.616379826515}, "3": {"count": 2, "avg_dps_sum": 34512.268096006555}, "0": {"count": 1, "avg_dps_sum": 18988.849360557804}}, "Topaz of Brilliant Sunlight": {"2": {"count": 6, "avg_dps_sum": 99196.95552882072}, "0": {"count": 2, "avg_dps_sum": 40610.75146384967}, "3": {"count": 4, "avg_dps_sum": 64416.075881091565}, "1": {"count": 4, "avg_dps_sum": 66579.37688244884}, "4": {"count": 1, "avg_dps_sum": 20964.286547158652}}}, "17": {"Ruby of Focused Animus": {"2": {"count": 2, "avg_dps_sum": 34702.8948197472}, "1": {"count": 4, "avg_dps_sum": 66593.64291994741}, "0": {"count": 2, "avg_dps_sum": 37558.00965748605}, "3": {"count": 1, "avg_dps_sum": 16122.486735090046}}, "Topaz of Brilliant Sunlight": {"2": {"count": 3, "avg_dps_sum": 53721.00080492845}, "1": {"count": 3, "avg_dps_sum": 46713.15573187494}, "3": {"count": 2, "avg_dps_sum": 37356.53606914488}, "0": {"count": 1, "avg_dps_sum": 17186.341526322427}}}, "25": {"Ruby of Focused Animus": {"3": {"count": 2, "avg_dps_sum": 30769.246024714455}, "2": {"count": 2, "avg_dps_sum": 40112.015041877065}, "0": {"count": 1, "avg_dps_sum": 16430.187113249107}, "8": {"count": 1, "avg_dps_sum": 17596.282729115064}, "1": {"count": 1, "avg_dps_sum": 20437.93374959252}}, "Topaz of Brilliant Sunlight": {"4": {"count": 2, "avg_dps_sum": 30769.246024714455}, "3": {"count": 3, "avg_dps_sum": 56384.82123597903}, "2": {"count": 2, "avg_dps_sum": 38191.59739785473}}}, "15": {"Ruby of Focused Animus": {"2": {"count": 1, "avg_dps_sum": 17094.858366120996}, "1": {"count": 1, "avg_dps_sum": 17274.54946844322}, "0": {"count": 1, "avg_dps_sum": 17185.22767093124}, "4": {"count": 1, "avg_dps_sum": 17507.011334117713}}, "Topaz of Brilliant Sunlight": {"0": {"count": 2, "avg_dps_sum": 34601.869700238705}, "1": {"count": 2, "avg_dps_sum": 34459.77713937446}}}, "28": {"Ruby of Focused Animus": {"2": {"count": 2, "avg_dps_sum": 40906.81557832207}, "3": {"count": 1, "avg_dps_sum": 20825.80530447209}}, "Topaz of Brilliant Sunlight": {"3": {"count": 1, "avg_dps_sum": 22136.54679679487}, "2": {"count": 2, "avg_dps_sum": 39596.074085999295}}}, "18": {"Ruby of Focused Animus": {"2": {"count": 7, "avg_dps_sum": 125924.75234805307}, "5": {"count": 1, "avg_dps_sum": 18353.48680947389}, "3": {"count": 5, "avg_dps_sum": 93266.97548164017}, "1": {"count": 2, "avg_dps_sum": 31564.359942968484}}, "Topaz of Brilliant Sunlight": {"1": {"count": 5, "avg_dps_sum": 91801.4697344719}, "3": {"count": 3, "avg_dps_sum": 57146.14224958503}, "2": {"count": 6, "avg_dps_sum": 103315.2963308508}, "0": {"count": 1, "avg_dps_sum": 16846.666267227876}}}, "24": {"Ruby of Focused Animus": {"1": {"count": 1, "avg_dps_sum": 17922.356796283286}, "3": {"count": 2, "avg_dps_sum": 33632.41482021477}, "2": {"count": 2, "avg_dps_sum": 27707.04804438887}, "6": {"count": 1, "avg_dps_sum": 17373.139139359126}, "7": {"count": 1, "avg_dps_sum": 14907.889129135348}}, "Topaz of Brilliant Sunlight": {"1": {"count": 3, "avg_dps_sum": 53261.65616022884}, "2": {"count": 1, "avg_dps_sum": 15666.254595628334}, "4": {"count": 1, "avg_dps_sum": 14672.430305235774}, "3": {"count": 1, "avg_dps_sum": 14907.889129135348}, "5": {"count": 1, "avg_dps_sum": 13034.617739153096}}}, "19": {"Ruby of Focused Animus": {"0": {"count": 5, "avg_dps_sum": 84417.71815893527}, "3": {"count": 3, "avg_dps_sum": 59438.92754951137}, "4": {"count": 1, "avg_dps_sum": 16389.572945398973}, "1": {"count": 1, "avg_dps_sum": 17346.095277890254}, "2": {"count": 1, "avg_dps_sum": 21172.16132271929}}, "Topaz of Brilliant Sunlight": {"1": {"count": 5, "avg_dps_sum": 83908.69196716606}, "4": {"count": 3, "avg_dps_sum": 58405.15636121495}, "2": {"count": 2, "avg_dps_sum": 36342.00135701981}, "0": {"count": 1, "avg_dps_sum": 20108.625569054362}}}, "27": {"Ruby of Focused Animus": {"5": {"count": 3, "avg_dps_sum": 53297.2827436112}, "2": {"count": 2, "avg_dps_sum": 39047.89397276189}, "4": {"count": 1, "avg_dps_sum": 20557.72598175262}, "3": {"count": 1, "avg_dps_sum": 18302.734485520097}, "0": {"count": 1, "avg_dps_sum": 23891.36231090825}}, "Topaz of Brilliant Sunlight": {"2": {"count": 2, "avg_dps_sum": 38191.55672643246}, "3": {"count": 1, "avg_dps_sum": 17328.955390040188}, "0": {"count": 1, "avg_dps_sum": 15857.318037894238}, "4": {"count": 2, "avg_dps_sum": 40021.6730682418}, "1": {"count": 1, "avg_dps_sum": 19806.133961037118}, "9": {"count": 1, "avg_dps_sum": 23891.36231090825}}}, "29": {"Ruby of Focused Animus": {"5": {"count": 1, "avg_dps_sum": 19305.821826834494}, "4": {"count": 1, "avg_dps_sum": 17293.645678145287}, "2": {"count": 1, "avg_dps_sum": 20033.103528352814}}, "Topaz of Brilliant Sunlight": {"1": {"count": 1, "avg_dps_sum": 19305.821826834494}, "2": {"count": 1, "avg_dps_sum": 17293.645678145287}, "4": {"count": 1, "avg_dps_sum": 20033.103528352814}}}, "14": {"Ruby of Focused Animus": {"1": {"count": 2, "avg_dps_sum": 37651.928597002145}, "2": {"count": 1, "avg_dps_sum": 16634.720430010224}, "3": {"count": 1, "avg_dps_sum": 14613.050690593898}}, "Topaz of Brilliant Sunlight": {"0": {"count": 3, "avg_dps_sum": 52264.97928759604}, "1": {"count": 1, "avg_dps_sum": 16634.720430010224}}}, "23": {"Ruby of Focused Animus": {"2": {"count": 3, "avg_dps_sum": 55079.63733198008}, "0": {"count": 1, "avg_dps_sum": 21503.626434919435}, "3": {"count": 1, "avg_dps_sum": 20574.72503507724}, "5": {"count": 1, "avg_dps_sum": 18409.911763477976}, "4": {"count": 1, "avg_dps_sum": 15670.044283219922}}, "Topaz of Brilliant Sunlight": {"2": {"count": 2, "avg_dps_sum": 39726.85628746487}, "5": {"count": 2, "avg_dps_sum": 34284.94869450349}, "1": {"count": 2, "avg_dps_sum": 42078.351469996676}, "3": {"count": 1, "avg_dps_sum": 15147.788396709617}}}, "16": {"Ruby of Focused Animus": {"1": {"count": 2, "avg_dps_sum": 30090.394527628225}, "0": {"count": 1, "avg_dps_sum": 13726.06986178646}}, "Topaz of Brilliant Sunlight": {"2": {"count": 3, "avg_dps_sum": 43816.46438941469}}}, "12": {"Ruby of Focused Animus": {"1": {"count": 1, "avg_dps_sum": 14927.560626294297}}, "Topaz of Brilliant Sunlight": {"1": {"count": 1, "avg_dps_sum": 14927.560626294297}}}, "21": {"Ruby of Focused Animus": {"4": {"count": 3, "avg_dps_sum": 49324.60123503624}, "5": {"count": 2, "avg_dps_sum": 32634.90148710608}, "2": {"count": 4, "avg_dps_sum": 73736.3057174194}, "3": {"count": 1, "avg_dps_sum": 16135.734945382314}}, "Topaz of Brilliant Sunlight": {"2": {"count": 1, "avg_dps_sum": 15946.438077120387}, "6": {"count": 3, "avg_dps_sum": 46765.91998116967}, "0": {"count": 3, "avg_dps_sum": 52862.25413408676}, "4": {"count": 1, "avg_dps_sum": 20874.05158333263}, "3": {"count": 1, "avg_dps_sum": 16445.842628734437}, "1": {"count": 1, "avg_dps_sum": 18937.036980500143}}}, "13": {"Ruby of Focused Animus": {"2": {"count": 4, "avg_dps_sum": 78156.64757448704}}, "Topaz of Brilliant Sunlight": {"2": {"count": 2, "avg_dps_sum": 37993.519339739505}, "0": {"count": 1, "avg_dps_sum": 22611.132665584544}, "1": {"count": 1, "avg_dps_sum": 17551.995569162984}}}, "30": {"Ruby of Focused Animus": {"3": {"count": 2, "avg_dps_sum": 40181.7580085314}, "2": {"count": 3, "avg_dps_sum": 59787.46511217787}}, "Topaz of Brilliant Sunlight": {"1": {"count": 2,