{"22": {"Ruby of Focused Animus": {"1": {"count": 26, "avg_dps_sum": 609414.6086921253}, "5": {"count": 8, "avg_dps_sum": 179152.77322210575}, "2": {"count": 52, "avg_dps_sum": 1254656.409334425}, "3": {"count": 30, "avg_dps_sum": 678804.09661082}, "6": {"count": 3, "avg_dps_sum": 67000.02847961988}, "4": {"count": 20, "avg_dps_sum": 475214.0193648051}, "7": {"count": 1, "avg_dps_sum": 22943.116499062067}, "0": {"count": 3, "avg_dps_sum": 77207.3102642168}}, "Topaz of Brilliant Sunlight": {"2": {"count": 44, "avg_dps_sum": 1022258.2571444333}, "1": {"count": 39, "avg_dps_sum": 933707.7724405443}, "0": {"count": 17, "avg_dps_sum": 385315.4126764693}, "3": {"count": 17, "avg_dps_sum": 414366.95091137645}, "6": {"count": 4, "avg_dps_sum": 100708.45913881726}, "4": {"count": 15, "avg_dps_sum": 341893.10494192067}, "5": {"count": 5, "avg_dps_sum": 117945.69010969547}, "11": {"count": 1, "avg_dps_sum": 22955.523292912887}, "7": {"count": 1, "avg_dps_sum": 25241.191811010274}}}, "20": {"Ruby of Focused Animus": {"4": {"count": 45, "avg_dps_sum": 1053458.7522903327}, "2": {"count": 82, "avg_dps_sum": 1896865.683119952}, "1": {"count": 37, "avg_dps_sum": 816792.411942229}, "6": {"count": 10, "avg_dps_sum": 217463.77464798285}, "3": {"count": 52, "avg_dps_sum": 1206531.6025187043}, "0": {"count": 11, "avg_dps_sum": 251652.06933312945}, "5": {"count": 13, "avg_dps_sum": 311435.27899962943}}, "Topaz of Brilliant Sunlight": {"2": {"count": 65, "avg_dps_sum": 1510677.5370687665}, "0": {"count": 36, "avg_dps_sum": 813664.9817516328}, "3": {"count": 55, "avg_dps_sum": 1269370.283122177}, "1": {"count": 64, "avg_dps_sum": 1499551.5899163026}, "4": {"count": 24, "avg_dps_sum": 527149.0649053064}, "5": {"count": 6, "avg_dps_sum": 133786.11608777486}}}, "17": {"Ruby of Focused Animus": {"2": {"count": 37, "avg_dps_sum": 880241.7934111744}, "1": {"count": 23, "avg_dps_sum": 543833.00478077}, "0": {"count": 13, "avg_dps_sum": 329685.62477657245}, "3": {"count": 25, "avg_dps_sum": 607383.4170730482}, "4": {"count": 12, "avg_dps_sum": 285667.17225121486}, "5": {"count": 4, "avg_dps_sum": 83911.87673294614}, "8": {"count": 1, "avg_dps_sum": 25606.552175399833}}, "Topaz of Brilliant Sunlight": {"2": {"count": 35, "avg_dps_sum": 859912.1439690379}, "1": {"count": 31, "avg_dps_sum": 732149.3130274498}, "3": {"count": 24, "avg_dps_sum": 569499.7517767672}, "0": {"count": 14, "avg_dps_sum": 332814.76882390835}, "4": {"count": 8, "avg_dps_sum": 189060.510535611}, "7": {"count": 1, "avg_dps_sum": 23753.979848397033}, "5": {"count": 2, "avg_dps_sum": 49138.97321995444}}}, "25": {"Ruby of Focused Animus": {"3": {"count": 33, "avg_dps_sum": 784834.8513752167}, "2": {"count": 31, "avg_dps_sum": 779103.7699265601}, "0": {"count": 7, "avg_dps_sum": 189274.64593260817}, "8": {"count": 1, "avg_dps_sum": 22167.516325152}, "1": {"count": 15, "avg_dps_sum": 373957.4227315589}, "4": {"count": 15, "avg_dps_sum": 351320.8688485183}, "5": {"count": 4, "avg_dps_sum": 104460.04396403584}, "6": {"count": 4, "avg_dps_sum": 95043.70990310708}}, "Topaz of Brilliant Sunlight": {"4": {"count": 14, "avg_dps_sum": 328523.2554177209}, "3": {"count": 32, "avg_dps_sum": 776692.8918625913}, "2": {"count": 29, "avg_dps_sum": 704262.9686334233}, "1": {"count": 16, "avg_dps_sum": 387044.32615560037}, "5": {"count": 8, "avg_dps_sum": 216551.61045191862}, "6": {"count": 4, "avg_dps_sum": 103054.4247565793}, "0": {"count": 7, "avg_dps_sum": 184033.35172892333}}}, "15": {"Ruby of Focused Animus": {"2": {"count": 36, "avg_dps_sum": 840811.7796300559}, "1": {"count": 15, "avg_dps_sum": 366910.6118805187}, "0": {"count": 11, "avg_dps_sum": 251949.81465432164}, "4": {"count": 7, "avg_dps_sum": 169299.59108119863}, "3": {"count": 13, "avg_dps_sum": 304959.19748330204}, "5": {"count": 4, "avg_dps_sum": 86575.77329090249}}, "Topaz of Brilliant Sunlight": {"0": {"count": 16, "avg_dps_sum": 408992.4492290596}, "1": {"count": 29, "avg_dps_sum": 666947.9729288496}, "2": {"count": 24, "avg_dps_sum": 563920.1112680762}, "3": {"count": 12, "avg_dps_sum": 274960.56397644815}, "4": {"count": 3, "avg_dps_sum": 60711.64259840649}, "5": {"count": 2, "avg_dps_sum": 44974.028019459685}}}, "28": {"Ruby of Focused Animus": {"2": {"count": 19, "avg_dps_sum": 479073.0116272159}, "3": {"count": 11, "avg_dps_sum": 262155.1355134803}, "4": {"count": 8, "avg_dps_sum": 193581.81342937046}, "5": {"count": 13, "avg_dps_sum": 314156.22719360807}, "8": {"count": 2, "avg_dps_sum": 45531.51276243638}, "0": {"count": 3, "avg_dps_sum": 75380.97745752786}, "1": {"count": 6, "avg_dps_sum": 154399.88373319423}, "6": {"count": 2, "avg_dps_sum": 51547.17740914385}, "9": {"count": 1, "avg_dps_sum": 19294.47829216371}}, "Topaz of Brilliant Sunlight": {"3": {"count": 17, "avg_dps_sum": 417897.0279860343}, "2": {"count": 19, "avg_dps_sum": 467947.1767976241}, "0": {"count": 6, "avg_dps_sum": 149978.06074000592}, "4": {"count": 10, "avg_dps_sum": 251251.80881534802}, "5": {"count": 4, "avg_dps_sum": 94626.88216407152}, "6": {"count": 2, "avg_dps_sum": 43291.722487317864}, "1": {"count": 7, "avg_dps_sum": 170127.538427739}}}, "18": {"Ruby of Focused Animus": {"2": {"count": 51, "avg_dps_sum": 1239708.7386582766}, "5": {"count": 6, "avg_dps_sum": 125421.57922228886}, "3": {"count": 47, "avg_dps_sum": 1068835.1058641677}, "1": {"count": 28, "avg_dps_sum": 664580.4772359008}, "0": {"count": 16, "avg_dps_sum": 397462.4054814151}, "4": {"count": 9, "avg_dps_sum": 202650.03882797755}}, "Topaz of Brilliant Sunlight": {"1": {"count": 53, "avg_dps_sum": 1274625.9063236602}, "3": {"count": 26, "avg_dps_sum": 601077.5546888782}, "2": {"count": 54, "avg_dps_sum": 1252822.4253012943}, "0": {"count": 15, "avg_dps_sum": 350278.1324195433}, "4": {"count": 5, "avg_dps_sum": 123940.39949484187}, "5": {"count": 3, "avg_dps_sum": 75131.77528503057}, "7": {"count": 1, "avg_dps_sum": 20782.151776777948}}}, "24": {"Ruby of Focused Animus": {"1": {"count": 14, "avg_dps_sum": 342712.9990296897}, "3": {"count": 24, "avg_dps_sum": 580699.5879658744}, "2": {"count": 31, "avg_dps_sum": 723476.5967900822}, "6": {"count": 5, "avg_dps_sum": 116912.00835833576}, "7": {"count": 3, "avg_dps_sum": 61290.39683852946}, "4": {"count": 14, "avg_dps_sum": 318689.50917223666}, "0": {"count": 8, "avg_dps_sum": 206080.79159855275}, "5": {"count": 5, "avg_dps_sum": 120705.73545634108}, "9": {"count": 1, "avg_dps_sum": 23759.144910778366}}, "Topaz of Brilliant Sunlight": {"1": {"count": 16, "avg_dps_sum": 371038.21125574806}, "2": {"count": 25, "avg_dps_sum": 609519.8122827152}, "4": {"count": 19, "avg_dps_sum": 473075.70791143895}, "3": {"count": 23, "avg_dps_sum": 524489.0897091299}, "5": {"count": 9, "avg_dps_sum": 214058.78239594714}, "0": {"count": 7, "avg_dps_sum": 169014.68437824602}, "6": {"count": 4, "avg_dps_sum": 89501.66291369546}, "7": {"count": 2, "avg_dps_sum": 43628.819273499554}}}, "19": {"Ruby of Focused Animus": {"0": {"count": 19, "avg_dps_sum": 442908.7749773735}, "3": {"count": 57, "avg_dps_sum": 1331712.4976436812}, "4": {"count": 33, "avg_dps_sum": 762615.9866307009}, "1": {"count": 30, "avg_dps_sum": 728940.2754610635}, "2": {"count": 59, "avg_dps_sum": 1452370.787976589}, "5": {"count": 10, "avg_dps_sum": 217238.44583365344}, "6": {"count": 5, "avg_dps_sum": 113137.25044652415}}, "Topaz of Brilliant Sunlight": {"1": {"count": 62, "avg_dps_sum": 1499987.0720268593}, "4": {"count": 15, "avg_dps_sum": 362322.14461390604}, "2": {"count": 63, "avg_dps_sum": 1440698.1577438677}, "0": {"count": 33, "avg_dps_sum": 789430.8690933036}, "3": {"count": 37, "avg_dps_sum": 885616.9431941527}, "6": {"count": 1, "avg_dps_sum": 24752.737008307617}, "5": {"count": 2, "avg_dps_sum": 46116.095289189136}}}, "27": {"Ruby of Focused Animus": {"5": {"count": 4, "avg_dps_sum": 97220.54651013308}, "2": {"count": 14, "avg_dps_sum": 341304.76249453845}, "4": {"count": 10, "avg_dps_sum": 242852.72720164486}, "3": {"count": 12, "avg_dps_sum": 267667.8938828446}, "0": {"count": 10,