{"22": {"Ruby of Focused Animus": {"1": {"count": 28, "avg_dps_sum": 658190.8632982352}, "5": {"count": 8, "avg_dps_sum": 179152.77322210575}, "2": {"count": 53, "avg_dps_sum": 1277746.9217046776}, "3": {"count": 32, "avg_dps_sum": 724512.2415085543}, "6": {"count": 3, "avg_dps_sum": 67000.02847961988}, "4": {"count": 21, "avg_dps_sum": 501958.3608229527}, "7": {"count": 1, "avg_dps_sum": 22943.116499062067}, "0": {"count": 5, "avg_dps_sum": 127572.0962273046}, "8": {"count": 1, "avg_dps_sum": 21132.19538746903}}, "Topaz of Brilliant Sunlight": {"2": {"count": 45, "avg_dps_sum": 1046792.5793593618}, "1": {"count": 44, "avg_dps_sum": 1053810.7921818441}, "0": {"count": 18, "avg_dps_sum": 406447.6080639383}, "3": {"count": 19, "avg_dps_sum": 464413.64825048024}, "6": {"count": 4, "avg_dps_sum": 100708.45913881726}, "4": {"count": 15, "avg_dps_sum": 341893.10494192067}, "5": {"count": 5, "avg_dps_sum": 117945.69010969547}, "11": {"count": 1, "avg_dps_sum": 22955.523292912887}, "7": {"count": 1, "avg_dps_sum": 25241.191811010274}}}, "20": {"Ruby of Focused Animus": {"4": {"count": 47, "avg_dps_sum": 1099235.3176334258}, "2": {"count": 92, "avg_dps_sum": 2119117.6684132274}, "1": {"count": 40, "avg_dps_sum": 894363.5685669822}, "6": {"count": 10, "avg_dps_sum": 217463.77464798285}, "3": {"count": 55, "avg_dps_sum": 1280994.5810936084}, "0": {"count": 12, "avg_dps_sum": 284273.2365082362}, "5": {"count": 14, "avg_dps_sum": 331556.121449507}}, "Topaz of Brilliant Sunlight": {"2": {"count": 71, "avg_dps_sum": 1641869.445184789}, "0": {"count": 40, "avg_dps_sum": 910959.8216558436}, "3": {"count": 58, "avg_dps_sum": 1340958.993937073}, "1": {"count": 70, "avg_dps_sum": 1650045.4461470786}, "4": {"count": 24, "avg_dps_sum": 527149.0649053064}, "5": {"count": 7, "avg_dps_sum": 156021.49648287948}}}, "17": {"Ruby of Focused Animus": {"2": {"count": 40, "avg_dps_sum": 953304.565035374}, "1": {"count": 26, "avg_dps_sum": 615774.3607351049}, "0": {"count": 13, "avg_dps_sum": 329685.62477657245}, "3": {"count": 29, "avg_dps_sum": 697795.0975969331}, "4": {"count": 13, "avg_dps_sum": 306560.4408134127}, "5": {"count": 4, "avg_dps_sum": 83911.87673294614}, "8": {"count": 1, "avg_dps_sum": 25606.552175399833}}, "Topaz of Brilliant Sunlight": {"2": {"count": 38, "avg_dps_sum": 936089.1176538111}, "1": {"count": 36, "avg_dps_sum": 839749.6921316937}, "3": {"count": 24, "avg_dps_sum": 569499.7517767672}, "0": {"count": 17, "avg_dps_sum": 405346.4926995084}, "4": {"count": 8, "avg_dps_sum": 189060.510535611}, "7": {"count": 1, "avg_dps_sum": 23753.979848397033}, "5": {"count": 2, "avg_dps_sum": 49138.97321995444}}}, "25": {"Ruby of Focused Animus": {"3": {"count": 34, "avg_dps_sum": 807015.0423343019}, "2": {"count": 35, "avg_dps_sum": 891765.4802078994}, "0": {"count": 7, "avg_dps_sum": 189274.64593260817}, "8": {"count": 1, "avg_dps_sum": 22167.516325152}, "1": {"count": 15, "avg_dps_sum": 373957.4227315589}, "4": {"count": 16, "avg_dps_sum": 377000.87317748024}, "5": {"count": 4, "avg_dps_sum": 104460.04396403584}, "6": {"count": 5, "avg_dps_sum": 116163.19614304607}}, "Topaz of Brilliant Sunlight": {"4": {"count": 14, "avg_dps_sum": 328523.2554177209}, "3": {"count": 33, "avg_dps_sum": 795710.6983084466}, "2": {"count": 30, "avg_dps_sum": 726443.1595925085}, "1": {"count": 18, "avg_dps_sum": 429610.56158003234}, "5": {"count": 8, "avg_dps_sum": 216551.61045191862}, "6": {"count": 4, "avg_dps_sum": 103054.4247565793}, "0": {"count": 10, "avg_dps_sum": 281910.5107088763}}}, "15": {"Ruby of Focused Animus": {"2": {"count": 36, "avg_dps_sum": 840811.7796300559}, "1": {"count": 16, "avg_dps_sum": 386535.045649832}, "0": {"count": 12, "avg_dps_sum": 273731.42307011655}, "4": {"count": 8, "avg_dps_sum": 190674.6783420479}, "3": {"count": 13, "avg_dps_sum": 304959.19748330204}, "5": {"count": 4, "avg_dps_sum": 86575.77329090249}}, "Topaz of Brilliant Sunlight": {"0": {"count": 18, "avg_dps_sum": 449991.97025922214}, "1": {"count": 30, "avg_dps_sum": 688729.5813446445}, "2": {"count": 24, "avg_dps_sum": 563920.1112680762}, "3": {"count": 12, "avg_dps_sum": 274960.56397644815}, "4": {"count": 3, "avg_dps_sum": 60711.64259840649}, "5": {"count": 2, "avg_dps_sum": 44974.028019459685}}}, "28": {"Ruby of Focused Animus": {"2": {"count": 22, "avg_dps_sum": 545014.123590771}, "3": {"count": 12, "avg_dps_sum": 289077.64088569366}, "4": {"count": 8, "avg_dps_sum": 193581.81342937046}, "5": {"count": 13, "avg_dps_sum": 314156.22719360807}, "8": {"count": 2, "avg_dps_sum": 45531.51276243638}, "0": {"count": 3, "avg_dps_sum": 75380.97745752786}, "1": {"count": 6, "avg_dps_sum": 154399.88373319423}, "6": {"count": 2, "avg_dps_sum": 51547.17740914385}, "9": {"count": 1, "avg_dps_sum": 19294.47829216371}}, "Topaz of Brilliant Sunlight": {"3": {"count": 18, "avg_dps_sum": 442229.9072475218}, "2": {"count": 20, "avg_dps_sum": 487300.8121673418}, "0": {"count": 6, "avg_dps_sum": 149978.06074000592}, "4": {"count": 10, "avg_dps_sum": 251251.80881534802}, "5": {"count": 4, "avg_dps_sum": 94626.88216407152}, "6": {"count": 2, "avg_dps_sum": 43291.722487317864}, "1": {"count": 8, "avg_dps_sum": 197050.04379995234}, "7": {"count": 1, "avg_dps_sum": 22254.59733234987}}}, "18": {"Ruby of Focused Animus": {"2": {"count": 53, "avg_dps_sum": 1282661.371282993}, "5": {"count": 6, "avg_dps_sum": 125421.57922228886}, "3": {"count": 47, "avg_dps_sum": 1068835.1058641677}, "1": {"count": 30, "avg_dps_sum": 706100.6569006707}, "0": {"count": 16, "avg_dps_sum": 397462.4054814151}, "4": {"count": 10, "avg_dps_sum": 222500.48885921555}}, "Topaz of Brilliant Sunlight": {"1": {"count": 55, "avg_dps_sum": 1317908.971945482}, "3": {"count": 26, "avg_dps_sum": 601077.5546888782}, "2": {"count": 55, "avg_dps_sum": 1273533.7033183319}, "0": {"count": 15, "avg_dps_sum": 350278.1324195433}, "4": {"count": 6, "avg_dps_sum": 144418.8681454686}, "5": {"count": 4, "avg_dps_sum": 94982.22531626857}, "7": {"count": 1, "avg_dps_sum": 20782.151776777948}}}, "24": {"Ruby of Focused Animus": {"1": {"count": 14, "avg_dps_sum": 342712.9990296897}, "3": {"count": 25, "avg_dps_sum": 601643.728461547}, "2": {"count": 32, "avg_dps_sum": 747973.0781889169}, "6": {"count": 5, "avg_dps_sum": 116912.00835833576}, "7": {"count": 3, "avg_dps_sum": 61290.39683852946}, "4": {"count": 16, "avg_dps_sum": 367559.99474904826}, "0": {"count": 8, "avg_dps_sum": 206080.79159855275}, "5": {"count": 5, "avg_dps_sum": 120705.73545634108}, "9": {"count": 1, "avg_dps_sum": 23759.144910778366}}, "Topaz of Brilliant Sunlight": {"1": {"count": 17, "avg_dps_sum": 400059.09562650375}, "2": {"count": 27, "avg_dps_sum": 653865.8948876058}, "4": {"count": 19, "avg_dps_sum": 473075.70791143895}, "3": {"count": 24, "avg_dps_sum": 545433.2302048026}, "5": {"count": 9, "avg_dps_sum": 214058.78239594714}, "0": {"count": 7, "avg_dps_sum": 169014.68437824602}, "6": {"count": 4, "avg_dps_sum": 89501.66291369546}, "7": {"count": 2, "avg_dps_sum": 43628.819273499554}}}, "19": {"Ruby of Focused Animus": {"0": {"count": 19, "avg_dps_sum": 442908.7749773735}, "3": {"count": 58, "avg_dps_sum": 1355499.4665813055}, "4": {"count": 33, "avg_dps_sum": 762615.9866307009}, "1": {"count": 31, "avg_dps_sum": 754030.4909402088}, "2": {"count": 63, "avg_dps_sum": 1547137.3935146388}, "5": {"count": 10, "avg_dps_sum": 217238.44583365344}, "6": {"count": 5, "avg_dps_sum": 113137.25044652415}}, "Topaz of Brilliant Sunlight": {"1": {"count": 64, "avg_dps_sum": 1547281.8625831008}, "4": {"count": 15, "avg_dps_sum": 362322.14461390604}, "2": {"count": 63, "avg_dps_sum": 1440698.1577438677}, "0": {"count": 34, "avg_dps_sum": 813537.8299643904}, "3": {"count": 40, "avg_dps_sum": 957858.9817216437}, "6": {"count": 1, "avg_dps_sum": 24752.737008307617}, "5": {"count": 2, "avg_dps_sum": 46116.095289189136}}}, "27": {"Ruby of Focused Animus": {"5": {"count": 4, "avg_dps_sum": 97220.54651013308}, "2": {"count": 15, "avg_dps_sum": 366077.2919160098}, "4": {"count": 10,