{"22": {"Ruby of Focused Animus": {"1": {"count": 41, "avg_dps_sum": 988794.5637723254}, "5": {"count": 13, "avg_dps_sum": 288177.77120455774}, "2": {"count": 73, "avg_dps_sum": 1731362.1808887064}, "3": {"count": 44, "avg_dps_sum": 1011229.2774711136}, "6": {"count": 3, "avg_dps_sum": 67000.02847961988}, "4": {"count": 33, "avg_dps_sum": 780122.2704204576}, "7": {"count": 3, "avg_dps_sum": 64938.13619677242}, "0": {"count": 11, "avg_dps_sum": 268865.74294559396}, "8": {"count": 1, "avg_dps_sum": 21132.19538746903}}, "Topaz of Brilliant Sunlight": {"2": {"count": 73, "avg_dps_sum": 1692088.1611072149}, "1": {"count": 57, "avg_dps_sum": 1335406.4258677268}, "0": {"count": 25, "avg_dps_sum": 578757.3816526894}, "3": {"count": 29, "avg_dps_sum": 718104.4739015434}, "6": {"count": 4, "avg_dps_sum": 100708.45913881726}, "4": {"count": 23, "avg_dps_sum": 528772.2864582025}, "5": {"count": 9, "avg_dps_sum": 219588.26353649824}, "11": {"count": 1, "avg_dps_sum": 22955.523292912887}, "7": {"count": 1, "avg_dps_sum": 25241.191811010274}}}, "20": {"Ruby of Focused Animus": {"4": {"count": 61, "avg_dps_sum": 1422716.5448017956}, "2": {"count": 129, "avg_dps_sum": 2987354.610267031}, "1": {"count": 60, "avg_dps_sum": 1360830.5355548076}, "6": {"count": 10, "avg_dps_sum": 217463.77464798285}, "3": {"count": 88, "avg_dps_sum": 2038547.3969080115}, "0": {"count": 20, "avg_dps_sum": 485476.4916249463}, "5": {"count": 23, "avg_dps_sum": 541757.8871038487}}, "Topaz of Brilliant Sunlight": {"2": {"count": 118, "avg_dps_sum": 2746978.4195989096}, "0": {"count": 56, "avg_dps_sum": 1290256.0874900708}, "3": {"count": 83, "avg_dps_sum": 1915376.9943867908}, "1": {"count": 90, "avg_dps_sum": 2127805.1801124043}, "4": {"count": 32, "avg_dps_sum": 714494.0024734915}, "5": {"count": 12, "avg_dps_sum": 259236.55684675692}}}, "17": {"Ruby of Focused Animus": {"2": {"count": 59, "avg_dps_sum": 1406610.6488768575}, "1": {"count": 34, "avg_dps_sum": 818039.9614728588}, "0": {"count": 16, "avg_dps_sum": 399135.24938770605}, "3": {"count": 45, "avg_dps_sum": 1065773.3551802137}, "4": {"count": 18, "avg_dps_sum": 415698.45198805374}, "5": {"count": 7, "avg_dps_sum": 151514.70874379884}, "8": {"count": 1, "avg_dps_sum": 25606.552175399833}, "6": {"count": 1, "avg_dps_sum": 24095.238025439798}}, "Topaz of Brilliant Sunlight": {"2": {"count": 55, "avg_dps_sum": 1316306.161982128}, "1": {"count": 58, "avg_dps_sum": 1353154.538344283}, "3": {"count": 27, "avg_dps_sum": 639604.8767751856}, "0": {"count": 28, "avg_dps_sum": 687500.3776643781}, "4": {"count": 10, "avg_dps_sum": 237015.25801600216}, "7": {"count": 1, "avg_dps_sum": 23753.979848397033}, "5": {"count": 2, "avg_dps_sum": 49138.97321995444}}}, "25": {"Ruby of Focused Animus": {"3": {"count": 44, "avg_dps_sum": 1034488.3299903395}, "2": {"count": 57, "avg_dps_sum": 1419690.7067030848}, "0": {"count": 12, "avg_dps_sum": 318010.639326817}, "8": {"count": 1, "avg_dps_sum": 22167.516325152}, "1": {"count": 22, "avg_dps_sum": 542961.991353332}, "4": {"count": 21, "avg_dps_sum": 503813.1179809739}, "5": {"count": 11, "avg_dps_sum": 259646.7795194454}, "6": {"count": 7, "avg_dps_sum": 157847.54215126604}}, "Topaz of Brilliant Sunlight": {"4": {"count": 20, "avg_dps_sum": 472976.89628046844}, "3": {"count": 47, "avg_dps_sum": 1139868.8868446583}, "2": {"count": 42, "avg_dps_sum": 1007051.4184806445}, "1": {"count": 32, "avg_dps_sum": 758080.9598124133}, "5": {"count": 14, "avg_dps_sum": 354487.1215162066}, "6": {"count": 8, "avg_dps_sum": 198900.86858143064}, "0": {"count": 12, "avg_dps_sum": 327260.4718345889}}}, "15": {"Ruby of Focused Animus": {"2": {"count": 47, "avg_dps_sum": 1102767.9790841362}, "1": {"count": 21, "avg_dps_sum": 517548.8564054673}, "0": {"count": 16, "avg_dps_sum": 365302.46426540957}, "4": {"count": 11, "avg_dps_sum": 261656.8437634414}, "3": {"count": 18, "avg_dps_sum": 413205.71981166786}, "5": {"count": 4, "avg_dps_sum": 86575.77329090249}}, "Topaz of Brilliant Sunlight": {"0": {"count": 22, "avg_dps_sum": 544655.6013759179}, "1": {"count": 38, "avg_dps_sum": 881877.8206076296}, "2": {"count": 34, "avg_dps_sum": 793324.3416947526}, "3": {"count": 17, "avg_dps_sum": 394028.5394830425}, "4": {"count": 4, "avg_dps_sum": 88197.30544022299}, "5": {"count": 2, "avg_dps_sum": 44974.028019459685}}}, "28": {"Ruby of Focused Animus": {"2": {"count": 29, "avg_dps_sum": 730281.6219878808}, "3": {"count": 19, "avg_dps_sum": 451227.7555352281}, "4": {"count": 10, "avg_dps_sum": 236641.3338316005}, "5": {"count": 20, "avg_dps_sum": 477783.57292373566}, "8": {"count": 4, "avg_dps_sum": 89149.54840399564}, "0": {"count": 5, "avg_dps_sum": 112941.46628678593}, "1": {"count": 10, "avg_dps_sum": 250086.75119481923}, "6": {"count": 2, "avg_dps_sum": 51547.17740914385}, "9": {"count": 2, "avg_dps_sum": 43866.635615941064}, "7": {"count": 1, "avg_dps_sum": 19179.304196204204}}, "Topaz of Brilliant Sunlight": {"3": {"count": 26, "avg_dps_sum": 620559.2049229348}, "2": {"count": 30, "avg_dps_sum": 739583.9974255274}, "0": {"count": 8, "avg_dps_sum": 197281.30177010718}, "4": {"count": 18, "avg_dps_sum": 436289.64046034176}, "5": {"count": 7, "avg_dps_sum": 156229.53378465527}, "6": {"count": 2, "avg_dps_sum": 43291.722487317864}, "1": {"count": 9, "avg_dps_sum": 220923.1117869593}, "7": {"count": 1, "avg_dps_sum": 22254.59733234987}, "8": {"count": 1, "avg_dps_sum": 26292.05741514123}}}, "18": {"Ruby of Focused Animus": {"2": {"count": 77, "avg_dps_sum": 1854924.888898962}, "5": {"count": 8, "avg_dps_sum": 169095.61154278202}, "3": {"count": 61, "avg_dps_sum": 1393448.4191513003}, "1": {"count": 49, "avg_dps_sum": 1169356.1457456923}, "0": {"count": 20, "avg_dps_sum": 497038.86551297625}, "4": {"count": 14, "avg_dps_sum": 316945.31081954564}, "6": {"count": 1, "avg_dps_sum": 21515.77360537029}, "8": {"count": 1, "avg_dps_sum": 18938.30911074809}, "7": {"count": 1, "avg_dps_sum": 21870.89099702586}}, "Topaz of Brilliant Sunlight": {"1": {"count": 82, "avg_dps_sum": 1973406.0825180179}, "3": {"count": 36, "avg_dps_sum": 831474.409421575}, "2": {"count": 76, "avg_dps_sum": 1772954.276370277}, "0": {"count": 20, "avg_dps_sum": 472397.45175864606}, "4": {"count": 11, "avg_dps_sum": 252010.2344483276}, "5": {"count": 6, "avg_dps_sum": 140109.60909078107}, "7": {"count": 1, "avg_dps_sum": 20782.151776777948}}}, "24": {"Ruby of Focused Animus": {"1": {"count": 20, "avg_dps_sum": 486581.2832548344}, "3": {"count": 34, "avg_dps_sum": 810113.8864112523}, "2": {"count": 59, "avg_dps_sum": 1380066.2615092725}, "6": {"count": 9, "avg_dps_sum": 216701.39858044125}, "7": {"count": 3, "avg_dps_sum": 61290.39683852946}, "4": {"count": 21, "avg_dps_sum": 480574.1612180177}, "0": {"count": 14, "avg_dps_sum": 354070.66772734595}, "5": {"count": 6, "avg_dps_sum": 143890.77225231065}, "9": {"count": 1, "avg_dps_sum": 23759.144910778366}}, "Topaz of Brilliant Sunlight": {"1": {"count": 24, "avg_dps_sum": 572187.4552849402}, "2": {"count": 40, "avg_dps_sum": 968433.6494739263}, "4": {"count": 30, "avg_dps_sum": 730305.4858557894}, "3": {"count": 40, "avg_dps_sum": 919267.9012096209}, "5": {"count": 14, "avg_dps_sum": 327920.6793361614}, "0": {"count": 13, "avg_dps_sum": 305802.31935514905}, "6": {"count": 4, "avg_dps_sum": 89501.66291369546}, "7": {"count": 2, "avg_dps_sum": 43628.819273499554}}}, "19": {"Ruby of Focused Animus": {"0": {"count": 27, "avg_dps_sum": 625816.5846670069}, "3": {"count": 73, "avg_dps_sum": 1693821.8534944563}, "4": {"count": 47, "avg_dps_sum": 1083703.64590241}, "1": {"count": 45, "avg_dps_sum": 1101171.2910480984}, "2": {"count": 90, "avg_dps_sum": 2183485.8107967693}, "5": {"count": 16, "avg_dps_sum": 373431.1847732526}, "6": {"count": 7, "avg_dps_sum": 158495.59945428369}, "7": {"count": 1, "avg_dps_sum": 24361.09634996425}}, "Topaz of Brilliant Sunlight": {"1": {"count": 80, "avg_dps_sum": 1949083.0274964243}, "4": {"count": 24, "avg_dps_sum": 571738.2974996484}, "2": {"count": 97, "avg_dps_sum": 2243110.273214126},