{"22": {"Ruby of Focused Animus": {"1": {"count": 57, "avg_dps_sum": 1074580.2108091158}, "5": {"count": 16, "avg_dps_sum": 280105.4876603415}, "2": {"count": 108, "avg_dps_sum": 1971321.056329482}, "3": {"count": 66, "avg_dps_sum": 1166431.806637764}, "6": {"count": 4, "avg_dps_sum": 70742.79228580021}, "4": {"count": 38, "avg_dps_sum": 697945.8393141823}, "7": {"count": 3, "avg_dps_sum": 50851.95893708023}, "0": {"count": 22, "avg_dps_sum": 429150.38199821714}, "8": {"count": 2, "avg_dps_sum": 32077.146146737563}}, "Topaz of Brilliant Sunlight": {"2": {"count": 102, "avg_dps_sum": 1874656.7365552378}, "1": {"count": 76, "avg_dps_sum": 1360077.6401996617}, "0": {"count": 31, "avg_dps_sum": 541347.5910958039}, "3": {"count": 52, "avg_dps_sum": 969184.7425994377}, "6": {"count": 5, "avg_dps_sum": 97233.10871508878}, "4": {"count": 28, "avg_dps_sum": 509295.99092438334}, "5": {"count": 20, "avg_dps_sum": 379448.72242594825}, "11": {"count": 1, "avg_dps_sum": 20161.408378225166}, "7": {"count": 1, "avg_dps_sum": 21800.73922493386}}}, "20": {"Ruby of Focused Animus": {"4": {"count": 81, "avg_dps_sum": 1423054.312527519}, "2": {"count": 179, "avg_dps_sum": 3190277.8704388803}, "1": {"count": 90, "avg_dps_sum": 1540477.910065909}, "6": {"count": 13, "avg_dps_sum": 216125.7345855101}, "3": {"count": 125, "avg_dps_sum": 2178434.924009597}, "0": {"count": 31, "avg_dps_sum": 571732.9179168004}, "5": {"count": 28, "avg_dps_sum": 510914.75660776964}, "7": {"count": 1, "avg_dps_sum": 14546.239537068668}}, "Topaz of Brilliant Sunlight": {"2": {"count": 162, "avg_dps_sum": 2861788.467754579}, "0": {"count": 76, "avg_dps_sum": 1318409.2711509436}, "3": {"count": 119, "avg_dps_sum": 2087196.4323835077}, "1": {"count": 130, "avg_dps_sum": 2297825.9727486568}, "4": {"count": 41, "avg_dps_sum": 724101.7769695539}, "5": {"count": 19, "avg_dps_sum": 341087.40561467595}, "7": {"count": 1, "avg_dps_sum": 15155.339067137116}}}, "17": {"Ruby of Focused Animus": {"2": {"count": 79, "avg_dps_sum": 1394146.3595279856}, "1": {"count": 48, "avg_dps_sum": 869335.7206335837}, "0": {"count": 20, "avg_dps_sum": 365224.5907809484}, "3": {"count": 59, "avg_dps_sum": 1060775.2220933337}, "4": {"count": 20, "avg_dps_sum": 362032.4673763842}, "5": {"count": 8, "avg_dps_sum": 130705.86738459325}, "8": {"count": 1, "avg_dps_sum": 20595.778673685385}, "6": {"count": 1, "avg_dps_sum": 19462.599648251096}}, "Topaz of Brilliant Sunlight": {"2": {"count": 72, "avg_dps_sum": 1308967.7266797633}, "1": {"count": 71, "avg_dps_sum": 1237365.2845786111}, "3": {"count": 39, "avg_dps_sum": 695036.2195692287}, "0": {"count": 36, "avg_dps_sum": 647839.2934613185}, "4": {"count": 13, "avg_dps_sum": 236859.94418228295}, "7": {"count": 1, "avg_dps_sum": 18086.697360328235}, "5": {"count": 4, "avg_dps_sum": 78123.44028723263}}}, "25": {"Ruby of Focused Animus": {"3": {"count": 61, "avg_dps_sum": 1092537.7636608926}, "2": {"count": 79, "avg_dps_sum": 1552050.1313747903}, "0": {"count": 19, "avg_dps_sum": 392859.36696887587}, "8": {"count": 1, "avg_dps_sum": 17596.282729115064}, "1": {"count": 26, "avg_dps_sum": 483446.6389103628}, "4": {"count": 34, "avg_dps_sum": 640138.0391112843}, "5": {"count": 15, "avg_dps_sum": 270064.4509891005}, "6": {"count": 10, "avg_dps_sum": 183284.5774831599}}, "Topaz of Brilliant Sunlight": {"4": {"count": 28, "avg_dps_sum": 538734.5733131719}, "3": {"count": 58, "avg_dps_sum": 1102807.1233538596}, "2": {"count": 65, "avg_dps_sum": 1206075.937934952}, "1": {"count": 49, "avg_dps_sum": 892007.0471290065}, "5": {"count": 17, "avg_dps_sum": 343950.72707342735}, "6": {"count": 11, "avg_dps_sum": 211432.46041998756}, "0": {"count": 16, "avg_dps_sum": 318185.13365648023}, "10": {"count": 1, "avg_dps_sum": 18784.248346696237}}}, "15": {"Ruby of Focused Animus": {"2": {"count": 67, "avg_dps_sum": 1193191.0481464076}, "1": {"count": 30, "avg_dps_sum": 532385.1822951566}, "0": {"count": 20, "avg_dps_sum": 337763.5222134455}, "4": {"count": 13, "avg_dps_sum": 231428.00975666402}, "3": {"count": 28, "avg_dps_sum": 464741.2608137222}, "5": {"count": 5, "avg_dps_sum": 86869.7136591279}}, "Topaz of Brilliant Sunlight": {"0": {"count": 32, "avg_dps_sum": 582147.3526076203}, "1": {"count": 46, "avg_dps_sum": 762002.1669887525}, "2": {"count": 54, "avg_dps_sum": 940680.2672097287}, "3": {"count": 23, "avg_dps_sum": 415948.3442008266}, "4": {"count": 6, "avg_dps_sum": 107622.16973394633}, "5": {"count": 2, "avg_dps_sum": 37978.43614364957}}}, "28": {"Ruby of Focused Animus": {"2": {"count": 43, "avg_dps_sum": 849004.5888741475}, "3": {"count": 23, "avg_dps_sum": 418027.659500246}, "4": {"count": 21, "avg_dps_sum": 385078.8325864623}, "5": {"count": 23, "avg_dps_sum": 427150.0560521473}, "8": {"count": 5, "avg_dps_sum": 88712.15036609683}, "0": {"count": 9, "avg_dps_sum": 173749.13389452497}, "1": {"count": 15, "avg_dps_sum": 295725.1975218095}, "6": {"count": 4, "avg_dps_sum": 76031.08705743653}, "9": {"count": 2, "avg_dps_sum": 33138.47204346063}, "7": {"count": 3, "avg_dps_sum": 56900.14801420379}}, "Topaz of Brilliant Sunlight": {"3": {"count": 39, "avg_dps_sum": 734833.7496239891}, "2": {"count": 40, "avg_dps_sum": 774932.0445442603}, "0": {"count": 12, "avg_dps_sum": 219098.3314928898}, "4": {"count": 25, "avg_dps_sum": 479222.4112105658}, "5": {"count": 10, "avg_dps_sum": 177355.89104539563}, "6": {"count": 3, "avg_dps_sum": 55163.600108230276}, "1": {"count": 16, "avg_dps_sum": 300299.3377386165}, "7": {"count": 2, "avg_dps_sum": 42377.938627629395}, "8": {"count": 1, "avg_dps_sum": 20234.021518959133}}}, "18": {"Ruby of Focused Animus": {"2": {"count": 110, "avg_dps_sum": 1963272.263231406}, "5": {"count": 12, "avg_dps_sum": 209029.42681529254}, "3": {"count": 94, "avg_dps_sum": 1668222.8451039616}, "1": {"count": 64, "avg_dps_sum": 1127264.2535304914}, "0": {"count": 24, "avg_dps_sum": 425398.8598983809}, "4": {"count": 23, "avg_dps_sum": 397258.43681099516}, "6": {"count": 3, "avg_dps_sum": 58353.920498126565}, "8": {"count": 1, "avg_dps_sum": 14577.206467279948}, "7": {"count": 3, "avg_dps_sum": 55491.07612660828}}, "Topaz of Brilliant Sunlight": {"1": {"count": 112, "avg_dps_sum": 1978568.5103601918}, "3": {"count": 51, "avg_dps_sum": 907726.0192124064}, "2": {"count": 109, "avg_dps_sum": 1956721.3650484995}, "0": {"count": 34, "avg_dps_sum": 584233.1698085301}, "4": {"count": 18, "avg_dps_sum": 312606.85648861254}, "5": {"count": 8, "avg_dps_sum": 148562.60479089906}, "7": {"count": 1, "avg_dps_sum": 17536.359483788092}, "6": {"count": 1, "avg_dps_sum": 12913.403289615258}}}, "24": {"Ruby of Focused Animus": {"1": {"count": 27, "avg_dps_sum": 525757.4028194346}, "3": {"count": 50, "avg_dps_sum": 937095.5910957869}, "2": {"count": 80, "avg_dps_sum": 1464257.447640756}, "6": {"count": 12, "avg_dps_sum": 235798.62662809086}, "7": {"count": 4, "avg_dps_sum": 60561.51502779446}, "4": {"count": 37, "avg_dps_sum": 673767.4359252715}, "0": {"count": 23, "avg_dps_sum": 468879.6653907519}, "5": {"count": 12, "avg_dps_sum": 209017.3291326806}, "9": {"count": 2, "avg_dps_sum": 34081.81515728891}, "8": {"count": 1, "avg_dps_sum": 17274.643242932372}}, "Topaz of Brilliant Sunlight": {"1": {"count": 38, "avg_dps_sum": 690471.3697690833}, "2": {"count": 59, "avg_dps_sum": 1127128.1782830143}, "4": {"count": 41, "avg_dps_sum": 792274.8962917997}, "3": {"count": 57, "avg_dps_sum": 1018309.4367985433}, "5": {"count": 22, "avg_dps_sum": 423979.771379669}, "0": {"count": 22, "avg_dps_sum": 405575.0002638786}, "6": {"count": 7, "avg_dps_sum": 132773.12902922262}, "7": {"count": 2, "avg_dps_sum": 35979.690245577454}}}, "19": {"Ruby of Focused Animus": {"0": {"count": 32, "avg_dps_sum": 552468.9151755114}, "3": {"count": 104, "avg_dps_sum": 1816510.390514244}, "4": {"count": 61, "avg_dps_sum": 1066306.3067223213}, "1": {"count": 63, "avg_dps_sum": 1160027.9106632175}, "2": {"count": 127, "avg_dps_sum": 2333237.168378472}, "5": {"count": 16, "avg_dps_sum": 292560.62190255744}, "6": {"count": 9,