{"Warrior-Fury": {"Topaz of Brilliant Sunlight": {"count": 34, "dps_sum": 682729.1085755472}, "Emerald of Earthen Roots": {"count": 85, "dps_sum": 2371471.5854609865}, "Opal of Unleashed Rage": {"count": 291, "dps_sum": 8892363.648865787}, "Ruby of Focused Animus": {"count": 144, "dps_sum": 3524013.6725654737}}, "Paladin-Protection": {"Diamond of the Unshakeable Protector": {"count": 243, "dps_sum": 3067448.610309287}}, "Rogue-Outlaw": {"Ruby of Focused Animus": {"count": 58, "dps_sum": 1426567.7866882107}, "Opal of Unleashed Rage": {"count": 122, "dps_sum": 4571093.506021994}, "Emerald of Earthen Roots": {"count": 40, "dps_sum": 1200267.8460366006}, "Topaz of Brilliant Sunlight": {"count": 17, "dps_sum": 350244.15871455806}}, "Warlock-Affliction": {"Emerald of Earthen Roots": {"count": 131, "dps_sum": 2967648.753895342}, "Opal of Unleashed Rage": {"count": 132, "dps_sum": 3313197.7493278673}, "Ruby of Focused Animus": {"count": 70, "dps_sum": 1409569.8288283802}, "Topaz of Brilliant Sunlight": {"count": 85, "dps_sum": 1661246.7450036022}}, "DemonHunter-Havoc": {"Ruby of Focused Animus": {"count": 239, "dps_sum": 6295262.39616475}, "Opal of Unleashed Rage": {"count": 545, "dps_sum": 18951175.319695678}, "Emerald of Earthen Roots": {"count": 193, "dps_sum": 6130173.176599301}, "Topaz of Brilliant Sunlight": {"count": 44, "dps_sum": 1030885.3326593832}}, "DeathKnight-Unholy": {"Opal of Unleashed Rage": {"count": 96, "dps_sum": 2776897.9839868713}, "Emerald of Earthen Roots": {"count": 43, "dps_sum": 1020969.2440644389}, "Ruby of Focused Animus": {"count": 39, "dps_sum": 876595.4300460475}, "Topaz of Brilliant Sunlight": {"count": 2, "dps_sum": 47642.19040125744}}, "DeathKnight-Blood": {"Diamond of the Unshakeable Protector": {"count": 360, "dps_sum": 4912268.369729899}}, "Druid-Restoration": {"Amethyst of the Shadow King": {"count": 287, "dps_sum": 941804.8846962993}, "Tailwind Sapphire": {"count": 175, "dps_sum": 620508.9406359751}}, "Druid-Balance": {"Topaz of Brilliant Sunlight": {"count": 166, "dps_sum": 3878118.005811619}, "Opal of Unleashed Rage": {"count": 269, "dps_sum": 7735261.330194928}, "Ruby of Focused Animus": {"count": 127, "dps_sum": 2978066.873611663}, "Emerald of Earthen Roots": {"count": 261, "dps_sum": 7271928.4596867}}, "Priest-Holy": {"Amethyst of the Shadow King": {"count": 257, "dps_sum": 878833.0322648743}, "Tailwind Sapphire": {"count": 187, "dps_sum": 530793.9825612608}}, "Hunter-BeastMastery": {"Emerald of Earthen Roots": {"count": 178, "dps_sum": 4029452.0081267525}, "Topaz of Brilliant Sunlight": {"count": 255, "dps_sum": 5230780.764892377}, "Ruby of Focused Animus": {"count": 157, "dps_sum": 3209568.5560254757}, "Opal of Unleashed Rage": {"count": 141, "dps_sum": 3127148.7425829135}}, "Paladin-Holy": {"Tailwind Sapphire": {"count": 234, "dps_sum": 1557464.0766806176}, "Amethyst of the Shadow King": {"count": 170, "dps_sum": 1137477.442810661}}, "Shaman-Elemental": {"Topaz of Brilliant Sunlight": {"count": 122, "dps_sum": 2944710.1754227444}, "Opal of Unleashed Rage": {"count": 165, "dps_sum": 5476357.697849249}, "Emerald of Earthen Roots": {"count": 146, "dps_sum": 4573333.705335891}, "Ruby of Focused Animus": {"count": 55, "dps_sum": 1243910.730513001}}, "Shaman-Restoration": {"Tailwind Sapphire": {"count": 187, "dps_sum": 526668.0846021706}, "Amethyst of the Shadow King": {"count": 203, "dps_sum": 741451.8622205765}}, "Mage-Frost": {"Opal of Unleashed Rage": {"count": 225, "dps_sum": 6658981.927700016}, "Ruby of Focused Animus": {"count": 70, "dps_sum": 1543497.8357577203}, "Emerald of Earthen Roots": {"count": 265, "dps_sum": 7819471.561947135}, "Topaz of Brilliant Sunlight": {"count": 228, "dps_sum": 5210721.1111523565}}, "Rogue-Assassination": {"Emerald of Earthen Roots": {"count": 91, "dps_sum": 2535975.830098366}, "Ruby of Focused Animus": {"count": 234, "dps_sum": 5586188.351776406}, "Opal of Unleashed Rage": {"count": 192, "dps_sum": 5785505.461295912}, "Topaz of Brilliant Sunlight": {"count": 33, "dps_sum": 722470.5659440109}}, "Mage-Fire": {"Emerald of Earthen Roots": {"count": 43, "dps_sum": 1176818.2528256457}, "Ruby of Focused Animus": {"count": 21, "dps_sum": 425100.10169567517}, "Opal of Unleashed Rage": {"count": 36, "dps_sum": 948705.288826879}, "Topaz of Brilliant Sunlight": {"count": 54, "dps_sum": 1169262.5438783173}}, "Priest-Shadow": {"Emerald of Earthen Roots": {"count": 168, "dps_sum": 4867803.317785304}, "Opal of Unleashed Rage": {"count": 302, "dps_sum": 9439930.113306522}, "Topaz of Brilliant Sunlight": {"count": 89, "dps_sum": 1976025.2921404112}, "Ruby of Focused Animus": {"count": 67, "dps_sum": 1554915.7018277778}}, "Warlock-Demonology": {"Emerald of Earthen Roots": {"count": 83, "dps_sum": 2151602.011690868}, "Opal of Unleashed Rage": {"count": 77, "dps_sum": 2169837.7388777547}, "Topaz of Brilliant Sunlight": {"count": 49, "dps_sum": 1068857.198619091}, "Ruby of Focused Animus": {"count": 33, "dps_sum": 687232.1630990707}}, "Paladin-Retribution": {"Opal of Unleashed Rage": {"count": 269, "dps_sum": 8526364.887359442}, "Topaz of Brilliant Sunlight": {"count": 27, "dps_sum": 559683.8841549727}, "Ruby of Focused Animus": {"count": 109, "dps_sum": 2875024.378706019}, "Emerald of Earthen Roots": {"count": 114, "dps_sum": 3088069.9460405395}}, "Monk-Brewmaster": {"Diamond of the Unshakeable Protector": {"count": 306, "dps_sum": 4318001.868555515}}, "Monk-Windwalker": {"Opal of Unleashed Rage": {"count": 178, "dps_sum": 5200832.891852114}, "Ruby of Focused Animus": {"count": 70, "dps_sum": 1495127.994257363}, "Topaz of Brilliant Sunlight": {"count": 16, "dps_sum": 372795.85549958097}, "Emerald of Earthen Roots": {"count": 39, "dps_sum": 925702.149467725}}, "Warlock-Destruction": {"Emerald of Earthen Roots": {"count": 144, "dps_sum": 3637071.3465690697}, "Opal of Unleashed Rage": {"count": 143, "dps_sum": 4014810.1753998226}, "Topaz of Brilliant Sunlight": {"count": 92, "dps_sum": 1926534.3692424607}, "Ruby of Focused Animus": {"count": 39, "dps_sum": 808596.8466469835}}, "Mage-Arcane": {"Emerald of Earthen Roots": {"count": 31, "dps_sum": 699144.7135129423}, "Opal of Unleashed Rage": {"count": 22, "dps_sum": 525430.9401623015}, "Ruby of Focused Animus": {"count": 12, "dps_sum": 238353.58415261286}, "Topaz of Brilliant Sunlight": {"count": 37, "dps_sum": 730928.5884679484}}, "Warrior-Protection": {"Diamond of the Unshakeable Protector": {"count": 206, "dps_sum": 3264572.3482447243}}, "DeathKnight-Frost": {"Opal of Unleashed Rage": {"count": 95, "dps_sum": 2876944.923169066}, "Ruby of Focused Animus": {"count": 33, "dps_sum": 725486.5484635719}, "Emerald of Earthen Roots": {"count": 40, "dps_sum": 1038470.2200160145}, "Topaz of Brilliant Sunlight": {"count": 13, "dps_sum": 307312.1153717183}}, "Druid-Guardian": {"Diamond of the Unshakeable Protector": {"count": 104, "dps_sum": 1414136.2664413168}}, "DemonHunter-Vengeance": {"Diamond of the Unshakeable Protector": {"count": 121, "dps_sum": 1745575.1594673994}}, "Priest-Discipline": {"Amethyst of the Shadow King": {"count": 145, "dps_sum": 1515667.2376721858}, "Tailwind Sapphire": {"count": 91, "dps_sum": 934396.2122151352}}, "Monk-Mistweaver": {"Tailwind Sapphire": {"count": 232, "dps_sum": 748765.6588628966}, "Amethyst of the Shadow King": {"count": 281, "dps_sum": 1111199.9737618645}}, "Shaman-Enhancement": {"Ruby of Focused Animus": {"count": 31, "dps_sum": 721564.6732080252}, "Opal of Unleashed Rage": {"count": 50, "dps_sum": 1450061.3968096795}, "Emerald of Earthen Roots": {"count": 26, "dps_sum": 699067.222985995}, "Topaz of Brilliant Sunlight": {"count": 7, "dps_sum": 176701.2116771912}}, "Druid-Feral": {"Ruby of Focused Animus": {"count": 26, "dps_sum": 554454.1019153286}, "Opal of Unleashed Rage": {"count": 28, "dps_sum": 818473.7663581831}, "Topaz of Brilliant Sunlight": {"count": 6, "dps_sum": 145653.64703582157}, "Emerald of Earthen Roots": {"count": 11, "dps_sum": 306553.0321035392}},